year,mean,p90,p75,p50
2016,1.6003385782241821,2.3876397609710693,1.5995571613311768,1.2194453477859497
