bucket,sd
1,0.19483089248622815
2,0.24615462245271708
3,0.29540099500713646
4,0.34642327486388624
5,0.5552387688204881
0,0.35722657922721596
