bucket,sd
1,0.255418899492082
2,0.2633081877371765
3,0.31623223637160225
4,0.3807789398221146
5,0.59570517810585
0,0.3997608457410178
