bucket,sd
1,0.1903538295946134
2,0.23805795412794356
3,0.2960974064431128
4,0.3644371410133297
5,0.6741935936999552
0,0.40291514632299635
