bucket,p50
1,0.017799400437744972
2,0.017444730917246132
3,0.026260544401549422
4,0.04063356600465895
5,0.050128941914035115
0,0.026714232358773814
