bucket,p50
1,0.026427758330233815
2,0.03227125801012608
3,0.04927411323364761
4,0.05620198264194464
5,0.06781210037337902
0,0.043695987767777646
