bucket,p50
1,0.02668876940940577
2,0.03200246254731194
3,0.04739858841497831
4,0.054882664196103804
5,0.06784950429606539
0,0.04288370680632793
